<?xml version='1.0' encoding='UTF-8'?>
<maven2-moduleset plugin="maven-plugin@1.525">
  <actions/>
  <description></description>
  <keepDependencies>false</keepDependencies>
  <properties/>
  <scm class="hudson.plugins.git.GitSCM" plugin="git@1.4.0">
    <configVersion>2</configVersion>
    <userRemoteConfigs>
      <hudson.plugins.git.UserRemoteConfig>
        <name></name>
        <refspec></refspec>
        <url>http://USERNAME:USERNAME@10.210.164.102:8085/git/CareID_Development.git</url>
      </hudson.plugins.git.UserRemoteConfig>
    </userRemoteConfigs>
    <branches>
      <hudson.plugins.git.BranchSpec>
        <name>origin/feature/FEATURE</name>
      </hudson.plugins.git.BranchSpec>
    </branches>
    <disableSubmodules>false</disableSubmodules>
    <recursiveSubmodules>false</recursiveSubmodules>
    <doGenerateSubmoduleConfigurations>false</doGenerateSubmoduleConfigurations>
    <authorOrCommitter>false</authorOrCommitter>
    <clean>false</clean>
    <wipeOutWorkspace>false</wipeOutWorkspace>
    <pruneBranches>false</pruneBranches>
    <remotePoll>false</remotePoll>
    <ignoreNotifyCommit>false</ignoreNotifyCommit>
    <useShallowClone>false</useShallowClone>
    <buildChooser class="hudson.plugins.git.util.DefaultBuildChooser"/>
    <gitTool>Default</gitTool>
    <submoduleCfg class="list"/>
    <relativeTargetDir></relativeTargetDir>
    <reference></reference>
    <excludedRegions></excludedRegions>
    <excludedUsers></excludedUsers>
    <gitConfigName></gitConfigName>
    <gitConfigEmail></gitConfigEmail>
    <skipTag>false</skipTag>
    <includedRegions></includedRegions>
    <scmName></scmName>
  </scm>
  <canRoam>true</canRoam>
  <disabled>false</disabled>
  <blockBuildWhenDownstreamBuilding>false</blockBuildWhenDownstreamBuilding>
  <blockBuildWhenUpstreamBuilding>false</blockBuildWhenUpstreamBuilding>
  <jdk>(Inherit From Job)</jdk>
  <triggers/>
  <concurrentBuild>false</concurrentBuild>
  <rootModule>
    <groupId>uk.gov.hscic.careid.authentication.legacy.authenticator</groupId>
    <artifactId>Authenticator</artifactId>
  </rootModule>
  <rootPOM>AuthenticationMain/Authenticator/pom.xml</rootPOM>
  <aggregatorStyleBuild>true</aggregatorStyleBuild>
  <incrementalBuild>false</incrementalBuild>
  <perModuleEmail>true</perModuleEmail>
  <ignoreUpstremChanges>false</ignoreUpstremChanges>
  <archivingDisabled>false</archivingDisabled>
  <resolveDependencies>false</resolveDependencies>
  <processPlugins>false</processPlugins>
  <mavenValidationLevel>-1</mavenValidationLevel>
  <runHeadless>false</runHeadless>
  <disableTriggerDownstreamProjects>false</disableTriggerDownstreamProjects>
  <settings class="jenkins.mvn.FilePathSettingsProvider">
    <path>/home/iam_user/.m2/settings.xml</path>
  </settings>
  <globalSettings class="jenkins.mvn.FilePathGlobalSettingsProvider">
    <path>/home/iam_user/.m2/settings.xml</path>
  </globalSettings>
  <reporters/>
  <publishers>
    <hudson.plugins.sonar.SonarPublisher plugin="sonar@2.1">
      <jdk>(Inherit From Job)</jdk>
      <branch></branch>
      <language></language>
      <mavenOpts></mavenOpts>
      <jobAdditionalProperties></jobAdditionalProperties>
      <settings class="jenkins.mvn.DefaultSettingsProvider"/>
      <globalSettings class="jenkins.mvn.DefaultGlobalSettingsProvider"/>
      <usePrivateRepository>false</usePrivateRepository>
    </hudson.plugins.sonar.SonarPublisher>
  </publishers>
  <buildWrappers>
    <org.jfrog.hudson.maven3.ArtifactoryMaven3NativeConfigurator plugin="artifactory@2.1.7">
      <details>
        <artifactoryUrl>http://localhost:8082/artifactory</artifactoryUrl>
        <artifactoryName>-1137809952@1376565760186</artifactoryName>
        <downloadRepositoryKey></downloadRepositoryKey>
      </details>
    </org.jfrog.hudson.maven3.ArtifactoryMaven3NativeConfigurator>
  </buildWrappers>
  <prebuilders/>
  <postbuilders/>
  <runPostStepsIfResult>
    <name>FAILURE</name>
    <ordinal>2</ordinal>
    <color>RED</color>
  </runPostStepsIfResult>
</maven2-moduleset>
